{"cameraMode":{"drawMode":0,"name":"Shaded","section":"Shading Mode"},"sceneLighting":true,"audioPlay":false,"sceneViewState":{"showFog":true,"showMaterialUpdate":false,"showSkybox":true,"showFlares":true,"showImageEffects":true,"showParticleSystems":true},"in2DMode":false,"pivot":{"x":0.0,"y":2.5999999046325685,"z":-0.10000038146972656},"rotation":{"x":0.44281741976737978,"y":0.5541877746582031,"z":-0.4582293629646301,"w":0.5355506539344788},"size":118.68103790283203,"orthographic":true}